<?xml version="1.0" encoding="UTF-8" standalone="no"?>
<!DOCTYPE preferences SYSTEM "http://java.sun.com/dtd/preferences.dtd">
<preferences EXTERNAL_XML_VERSION="1.0">
  <root type="user">
    <map/>
    <node name="it.unina.androidripper">
      <map>
        <entry key="PACKAGE_NAME" value="aarddict.android"/>
        <entry key="CLASS_NAME" value="aarddict.android.LookupActivity"/>
        <entry key="RANDOM_SEED" value="93874383493"/>
        <entry key="navigation" value="false"/>
      </map>
      <node name="automation">
        <map>
          <entry key="SLEEP_AFTER_EVENT" value="3000"/>
          <entry key="SLEEP_AFTER_RESTART" value="3000"/>
          <entry key="SLEEP_ON_THROBBER" value="5000"/>
          <entry key="SLEEP_AFTER_TASK" value="2000"/>
        </map>
      </node>
      <node name="comparator">
        <map>
        <entry key="precrawl" value="false"/>
          <entry key="COMPARATOR_TYPE" value="CustomWidgetsSimpleComparator"/>
          <entry key="WIDGET_TYPES[0]" value="editText"/>
          <entry key="WIDGET_TYPES[1]" value="button"/>
          <entry key="WIDGET_TYPES[2]" value="menu"/>
          <entry key="WIDGET_TYPES[3]" value="dialog"/>
          <entry key="WIDGET_TYPES[4]" value="listView"/>
          <entry key="WIDGET_TYPES[5]" value="singleChoiceList"/>
          <entry key="WIDGET_TYPES[6]" value="multiChoiceList"/>
          <entry key="WIDGET_TYPES[7]" value="webPage"/>
          <entry key="WIDGET_TYPES[8]" value="tabHost"/>
          <entry key="WIDGET_TYPES[9]" value="slidingDrawer"/>
          <entry key="COMPARE_STATE_TITLE" value="false"/>
          <entry key="COMPARE_LIST_COUNT" value="true"/>
          <entry key="COMPARE_MENU_COUNT" value="true"/>
          <entry key="COMPARE_VALUES" value="false"/>
        </map>
      </node>
      <node name="interactions">
        <map>
          <entry key="EVENTS[0]" value="click, button, menuItem, text, image, linearLayout, check, toggle, slidingDrawer"/>
          <entry key="EVENTS[1]" value="longClick, image, webPage"/>
          <entry key="EVENTS[2]" value="selectListItem, listView, singleChoiceList, multiChoiceList, preferenceList"/>
          <entry key="EVENTS[3]" value="longClickListItem, listView, singleChoiceList, multiChoiceList"/>
          <entry key="EVENTS[4]" value="selectSpinnerItem, spinner"/>
          <entry key="EVENTS[5]" value="selectRadioItem, radioGroup"/>
          <entry key="EVENTS[6]" value="swapTab, tabHost"/>
          <entry key="EVENTS[7]" value="setBar, seekBar, ratingBar"/>
          <entry key="EVENTS[8]" value="focus, focusableEditText"/>
          <entry key="INPUTS[0]" value="writeText, editText"/>
          <entry key="MENU_EVENTS" value="true"/>
          <entry key="BACK_BUTTON_EVENT" value="true"/>
          <entry key="ORIENTATION_EVENTS" value="true"/>
        </map>
      </node>
      <node name="planner">
        <map>
          <entry key="MAX_EVENTS_PER_WIDGET" value="0"/>
          <entry key="PLANNER" value="SimplePlanner"/>
          <entry key="TEXT_VALUES_ID_HASH" value="true"/>
        </map>
      </node>
      <node name="scheduler">
        <map>
          <entry key="SCHEDULER_ALGORITHM" value="BREADTH_FIRST"/>
          <entry key="MAX_TASKS_IN_SCHEDULER" value="0"/>
        </map>
      </node>
      <node name="strategy">
        <map>
          <entry key="MAX_NUM_TRACES" value="0"/>
          <entry key="TRACE_MAX_DEPTH" value="0"/>
          <entry key="EXPLORE_ONLY_NEW_STATES" value="true"/>
        </map>
      </node>
    </node>
  </root>
</preferences>
